QueueId,QueueThreadCount,SchedType,QueueMaxRemainingBursts,QueueMinRemainingBursts,QueueMeanRemainingBursts,QueueMedianRemainingBursts,QueueRangeRemainingBursts,QueueTotalRemainingBursts,CoreCount,CoreId,IsCoreIdle,CoreBurstAge,ThreadBurstsRan,ThreadBurstsRemaining,Action,AvgThreadThroughput,AvgThreadTurnaround
36,4,CFS,7,1,4.25,4.5,6,17,2,0,0,0,39,4,NEXT_OTHER,0.063604,229.667
0,14,HRRN,49,6,33.714,37,43,472,3,1,0,9,9,15,NONE,0.09375,95.333
0,1,HRRN,10,10,10,10,0,10,3,0,1,0,0,inf,NEXT_SJF,0.09375,95.333
27,6,CFS,32,2,17.167,17.5,30,103,1,0,0,0,16,5,NEXT_RR,0.038462,128
0,7,PSJF,49,16,39.143,45,33,274,3,0,0,11,11,32,NONE,0.09375,92.952
0,19,CFS,41,6,23.842,18,35,453,1,0,0,0,7,41,NEXT_FCFS,0.034091,451.857
18,8,CFS,14,1,7.625,8,13,61,1,0,0,0,34,3,NEXT_RR,0.036217,329.5
0,18,CFS,31,2,15.056,9.5,29,271,3,2,0,0,17,26,NEXT_FCFS,0.101449,151.667
44,9,MLFQ,25,1,13.333,14,24,120,2,1,0,0,18,1,NEXT_RR,0.060606,131.3
83,18,CFS,40,2,22.111,20.5,38,398,1,0,0,0,7,10,NEXT_OTHER,0.039927,364.091
18,18,CFS,48,1,25.944,31,47,467,2,1,0,0,1,1,NEXT_OTHER,0.072,165.722
20,7,RR,15,1,5.571,3,14,39,2,1,0,1,26,3,NONE,0.109948,112.571
43,16,CFS,35,3,18.438,17.5,32,295,4,1,0,0,13,29,NEXT_RR,0.142857,90.211
42,2,FCFS,15,12,13.5,13.5,3,27,4,3,1,0,0,inf,NEXT_SJF,0.149254,30.8
39,5,CFS,20,2,12.8,17,18,64,3,0,0,0,18,6,NEXT_FCFS,0.15942,39.273
66,6,RR,35,12,20.167,14.5,23,121,1,0,0,0,9,13,NEXT_FCFS,0.039216,139.125
2,6,FCFS,45,5,23.167,19.5,40,139,2,0,0,11,11,5,NONE,0.07563,114.833
32,10,CFS,36,1,15.3,15,35,153,2,0,0,0,10,3,NEXT_OTHER,0.083333,86
0,19,CFS,37,2,19.789,14,35,376,3,2,0,1,12,14,NEXT_RR,0.101449,149.19
9,17,CFS,42,2,17.353,12,40,295,2,0,0,0,6,42,NEXT_OTHER,0.113636,117.2
0,18,CFS,34,4,17.722,12,30,319,1,0,0,0,15,9,NEXT_FCFS,0.034091,451.857
80,12,CFS,36,2,15.583,14.5,34,187,1,0,0,0,14,2,NEXT_OTHER,0.046036,246.167
12,10,PSJF,48,10,32.7,34,38,327,2,0,0,5,5,20,NONE,0.090909,77.81
83,17,CFS,32,1,15.471,14,31,263,1,0,0,0,15,14,NEXT_OTHER,0.039927,364.091
65,1,RR,12,12,12,12,0,12,2,1,1,0,0,inf,NEXT_SJF,0.064516,19.5
12,6,FCFS,32,3,15.833,13.5,29,95,2,1,0,19,19,13,NEXT_SJF,0.09292,119.19
67,2,CFS,21,12,16.5,16.5,9,33,1,0,0,0,15,21,NEXT_OTHER,0.051282,49.5
12,15,CFS,41,1,21.133,20,40,317,4,2,0,1,7,7,NEXT_RR,0.182609,64.19
38,17,MLFQ,45,1,18.706,14,44,318,4,2,0,0,3,17,NEXT_SJF,0.184466,57.737
0,8,CFS,19,4,13.75,14,15,110,1,0,0,0,29,4,NEXT_FCFS,0.034091,455.333
39,11,MLFQ,38,2,17.182,17,36,189,1,0,0,0,1,17,NONE,0.054455,116.273
32,11,FCFS,44,1,21.545,14,43,237,4,0,0,6,6,7,NONE,0.152778,43.455
0,6,CFS,7,1,3.667,3,6,22,3,0,0,0,41,2,NEXT_OTHER,0.101449,153.952
38,14,SRT,48,2,25.286,20,46,354,4,1,0,7,7,2,NONE,0.157025,40.579
0,9,MLFQ,22,1,14.667,16,21,132,4,0,0,0,26,17,NEXT_SJF,0.134615,115.286
32,1,PSJF,12,12,12,12,0,12,4,0,1,0,0,inf,NEXT_SJF,0.119565,35.455
34,12,CFS,33,4,19.833,20.5,29,238,2,1,0,0,11,23,NEXT_RR,0.098214,133.091
57,5,CFS,14,1,6.8,7,13,34,4,1,0,1,35,5,NONE,0.114286,48.375
77,6,CFS,17,4,10.833,11,13,65,4,0,0,0,32,6,NEXT_OTHER,0.140496,82.647
57,1,FCFS,17,17,17,17,0,17,4,3,1,0,0,inf,NEXT_SJF,0.101266,50.625
66,1,MLFQ,4,4,4,4,0,4,3,1,0,0,41,4,NONE,0.106667,47.125
16,4,HRRN,39,4,24.25,27,35,97,4,3,0,13,13,18,NONE,0.125,34.333
0,2,FCFS,15,3,9,9,12,18,3,0,0,33,33,15,NONE,0.09633,114.571
0,1,FCFS,12,12,12,12,0,12,3,0,0,36,36,12,NONE,0.09633,114.571
37,14,MLFQ,46,3,27.429,26,43,384,2,0,0,0,2,22,NEXT_RR,0.064815,158.643
8,11,CFS,43,2,23,22,41,253,1,0,0,0,4,15,NONE,0.036667,218.727
0,3,MLFQ,5,2,4,5,3,12,4,2,0,0,43,5,NONE,0.134615,115.381
32,10,RR,36,1,15.1,15,35,151,2,1,0,0,10,1,NEXT_SJF,0.083969,85.545
12,2,SRT,35,18,26.5,26.5,17,53,2,0,0,13,13,35,NONE,0.090909,77.81
8,2,SRT,28,11,19.5,19.5,17,39,4,1,0,35,35,11,NONE,0.112245,43
18,17,RR,49,2,27.353,31,47,465,1,0,0,0,0,36,NEXT_FCFS,0.036217,327.944
16,1,FCFS,5,5,5,5,0,5,4,0,0,45,45,5,NONE,0.105882,36
0,8,RR,18,2,12.125,12,16,97,3,0,0,2,30,18,NEXT_SJF,0.100962,155.905
0,18,RR,37,8,20.889,16,29,376,3,1,0,1,12,31,NEXT_FCFS,0.101449,155.286
65,2,HRRN,19,8,13.5,13.5,11,27,1,0,0,12,12,19,NEXT_FCFS,0.051282,29.5
17,16,HRRN,47,1,26.375,28.5,46,422,4,3,0,20,20,30,NEXT_FCFS,0.136054,59.15
1,9,PSJF,47,5,25.556,23,42,230,3,2,0,2,2,18,NONE,0.094737,42.111
2,9,MLFQ,26,7,13.444,9,19,121,4,2,0,0,19,7,NEXT_RR,0.157895,77.167
44,9,RR,32,2,17.778,21,30,160,2,0,0,1,17,32,NEXT_SJF,0.060241,126.1
12,5,HRRN,48,1,23.4,24,47,117,4,0,0,23,23,13,NONE,0.160305,47.333
2,6,PSJF,45,13,33.5,35.5,32,201,4,3,0,2,2,36,NONE,0.136364,52.444
22,11,MLFQ,33,1,20,20,32,220,3,0,0,0,15,26,NEXT_SJF,0.107383,101.562
64,4,HRRN,38,8,21,19,30,84,1,0,0,7,7,24,NEXT_FCFS,0.043956,47
39,6,MLFQ,23,2,13.667,14.5,21,82,1,0,0,0,15,21,NEXT_SJF,0.054455,116.545
0,16,CFS,29,3,14.5,10.5,26,232,1,0,0,0,19,7,NEXT_SJF,0.034091,455.048
18,4,CFS,6,1,3.25,3,5,13,1,0,0,0,42,3,NEXT_SJF,0.036217,331.056
34,5,FCFS,17,5,12.8,15,12,64,2,1,0,30,30,15,NEXT_SJF,0.098214,123.682
0,19,CFS,39,4,22.105,17,35,420,1,0,0,0,9,36,NEXT_FCFS,0.034091,453.476
12,16,CFS,43,2,22.062,21,41,353,1,0,0,0,4,15,NEXT_FCFS,0.047191,259.905
10,6,HRRN,48,3,29.5,30.5,45,177,4,2,0,11,11,24,NONE,0.136364,75.375
12,19,RR,48,2,20.579,19,46,391,3,2,0,5,5,16,NEXT_FCFS,0.139073,86.238
64,4,CFS,30,1,15.25,15,29,61,2,0,0,0,7,24,NEXT_OTHER,0.081633,32.75
39,7,RR,32,1,15.714,13,31,110,2,0,0,6,13,23,NEXT_FCFS,0.108911,58.909
2,17,CFS,39,2,19.353,20,37,329,3,0,0,1,6,10,NEXT_FCFS,0.121622,101.444
65,1,CFS,9,9,9,9,0,9,2,1,1,0,0,inf,NEXT_SJF,0.064516,19.5
67,3,CFS,30,2,18,22,28,54,2,0,0,0,6,30,NEXT_OTHER,0.093023,26
0,18,MLFQ,32,1,15.778,10.5,31,284,4,2,0,0,16,27,NEXT_RR,0.134615,115.381
0,11,FCFS,48,5,30.455,26,43,335,1,0,0,1,1,40,NEXT_SJF,0.034091,310.381
0,18,FCFS,48,5,29.222,27,43,526,3,1,0,10,10,35,NEXT_SJF,0.098131,109.762
32,5,CFS,21,5,11.6,8,16,58,1,0,0,0,26,6,NEXT_RR,0.042146,166.727
66,7,MLFQ,40,1,23.857,25,39,167,1,0,0,0,4,19,NEXT_RR,0.039216,137.5
77,6,CFS,18,6,12.167,13,12,73,4,1,0,0,31,6,NEXT_OTHER,0.140496,82.647
0,12,MLFQ,24,2,13.333,17.5,22,160,4,1,0,0,24,17,NEXT_RR,0.134615,115.381
38,17,FCFS,48,1,22,18,47,374,1,0,0,1,1,14,NEXT_SJF,0.048718,175.842
0,19,MLFQ,37,2,19.158,14,35,364,4,1,0,0,12,37,NEXT_SJF,0.134615,115.048
0,18,CFS,33,3,16.611,11,30,299,1,0,0,0,16,10,NEXT_FCFS,0.034091,453.429
68,3,MLFQ,30,9,16,9,21,48,1,0,0,0,6,9,NEXT_RR,0.069444,36.2
0,4,PSJF,49,13,32.5,34,36,130,3,2,0,32,32,13,NONE,0.09375,92.952
2,5,RR,13,2,7.2,6,11,36,1,0,0,0,32,6,NEXT_SJF,0.04119,306
17,1,HRRN,12,12,12,12,0,12,2,0,0,38,38,12,NONE,0.075758,93.75
34,10,SRT,45,2,30.6,33.5,43,306,2,0,0,21,21,2,NONE,0.095238,79.182
42,10,MLFQ,47,1,20.5,15.5,46,205,2,0,0,0,2,10,NEXT_RR,0.090909,63
17,15,CFS,40,1,21.733,23,39,326,4,1,0,0,10,40,NEXT_OTHER,0.155039,77.15
16,8,CFS,42,2,19.625,16,40,157,2,1,0,0,8,14,NEXT_FCFS,0.078261,74.889
9,21,CFS,47,1,18.333,14,46,385,2,1,0,0,2,1,NEXT_OTHER,0.113636,117.2
34,20,MLFQ,41,1,17.7,16,40,354,2,0,0,0,4,13,NEXT_FCFS,0.097778,134.636
10,20,CFS,34,1,16.35,17,33,327,1,0,0,0,13,33,NEXT_OTHER,0.039152,427.625
2,14,CFS,33,2,16.286,14,31,228,1,0,0,0,12,26,NEXT_SJF,0.04119,304.056
36,17,PSJF,47,5,31.118,31,42,529,3,0,0,4,4,19,NONE,0.09,93.167
20,21,HRRN,45,1,17.19,11,44,361,3,0,0,6,6,24,NEXT_FCFS,0.148936,49.857
32,9,CFS,36,1,16.556,21,35,149,2,0,0,1,11,3,NEXT_RR,0.083333,83.818
0,21,HRRN,49,5,27.905,26,44,586,3,1,0,10,10,10,NONE,0.09375,95.333
66,6,MLFQ,39,16,26.833,26,23,161,1,0,0,0,5,36,NEXT_RR,0.039216,137.5
57,5,CFS,19,6,11.6,11,13,58,4,1,0,0,30,12,NEXT_OTHER,0.114286,48.375
0,18,CFS,32,3,16.056,10.5,29,289,3,0,0,0,16,17,NEXT_RR,0.101449,151.19
2,14,CFS,32,1,15.143,13,31,212,3,2,0,0,13,5,NEXT_RR,0.121622,102.111
0,8,CFS,20,4,14.25,15,16,114,1,0,0,0,29,16,NEXT_FCFS,0.034091,455.048
7,3,SRT,38,10,24,24,28,72,4,3,0,24,24,24,NONE,0.116022,78.524
12,9,FCFS,41,3,18.778,18,38,169,2,1,0,30,30,18,NEXT_SJF,0.093333,117.714
42,7,RR,39,2,20.143,20,37,141,4,1,0,5,5,28,NEXT_SJF,0.151515,32.5
0,16,SRT,49,5,32.25,30.5,44,516,4,3,0,5,5,19,NONE,0.122807,73.714
20,19,CFS,40,1,14.947,12,39,284,1,0,0,0,4,3,NEXT_OTHER,0.055409,221.905
0,17,FCFS,48,5,27.059,26,43,460,3,0,0,14,14,29,NEXT_SJF,0.099526,112.238
0,20,MLFQ,44,2,25,21,42,500,4,3,0,0,5,38,NEXT_FCFS,0.134615,115.19
8,9,CFS,32,3,15.667,15,29,141,3,1,0,1,16,15,NEXT_RR,0.105769,72.364
34,20,MLFQ,41,1,17.5,15.5,40,350,2,0,0,0,4,19,NEXT_FCFS,0.097778,134.727
0,14,FCFS,48,5,27.143,26,43,380,1,0,0,15,15,9,NONE,0.034091,316.381
23,3,MLFQ,11,2,7.333,9,9,22,4,3,0,0,28,11,NONE,0.18,24.889
12,5,SRT,48,10,36.2,41,38,181,2,1,0,4,4,36,NONE,0.090909,77.81
0,1,PSJF,10,10,10,10,0,10,3,1,1,0,0,inf,NEXT_SJF,0.09375,92.952
16,7,MLFQ,39,2,17.857,15,37,125,4,2,0,0,11,39,NEXT_SJF,0.130435,40
62,2,CFS,10,4,7,7,6,14,1,0,0,0,38,10,NEXT_OTHER,0.029412,109
62,4,FCFS,48,19,31.5,29.5,29,126,1,0,0,10,10,33,NEXT_SJF,0.029412,80.75
42,4,FCFS,32,4,19.25,20.5,28,77,4,3,0,25,25,4,NONE,0.149254,30.8
2,2,SRT,45,12,28.5,28.5,33,57,1,0,0,32,32,12,NONE,0.04119,169.611
0,8,FCFS,48,6,29.625,26,42,237,1,0,0,27,27,6,NONE,0.034091,316.381
22,5,CFS,12,2,6.2,5,10,31,2,0,0,0,36,2,NEXT_OTHER,0.072727,152.062
9,1,SRT,23,23,23,23,0,23,1,0,0,26,26,23,NONE,0.056948,129.36
2,12,PSJF,45,6,29.083,27.5,39,349,2,1,0,8,8,10,NONE,0.079295,91.111
0,8,HRRN,49,2,35.375,44,47,283,3,1,0,22,22,19,NONE,0.09375,95.333
22,10,MLFQ,31,11,19.2,18,20,192,1,0,0,0,18,16,NEXT_FCFS,0.036446,302.875
0,18,SRT,49,1,31.722,27,48,571,1,0,0,19,19,1,NONE,0.034091,247.952
34,14,CFS,35,2,19.571,21.5,33,274,2,1,0,0,9,3,NEXT_OTHER,0.098214,135.136
64,1,HRRN,4,4,4,4,0,4,4,3,1,0,0,inf,NEXT_SJF,0.105263,22.75
0,7,CFS,12,4,8.143,8,8,57,1,0,0,0,36,9,NEXT_FCFS,0.034091,458.143
34,22,MLFQ,44,1,18.455,15,43,406,2,1,0,0,1,4,NEXT_SJF,0.098214,134
0,19,CFS,38,3,21.053,16,35,400,1,0,0,0,10,33,NEXT_FCFS,0.034091,456.143
69,10,CFS,38,6,15.6,11.5,32,156,4,0,0,0,11,30,NEXT_OTHER,0.149425,54.769
57,7,PSJF,50,15,35.143,40,35,246,1,0,0,2,2,15,NONE,0.031496,111.5
57,7,CFS,41,8,26.571,31,33,186,2,0,0,0,8,29,NEXT_RR,0.062992,93.375
33,11,CFS,44,3,22.636,15,41,249,3,2,0,0,5,11,NONE,0.104762,71.455
0,21,RR,47,3,27.048,24,44,568,3,1,0,0,2,12,NEXT_SJF,0.100478,153.238
64,3,SRT,37,5,21.333,22,32,64,3,0,0,1,1,37,NONE,0.086957,24.75
0,20,MLFQ,43,2,24.8,21,41,496,4,2,0,0,5,23,NEXT_RR,0.134615,115.381
23,8,CFS,37,2,16.875,10.5,35,135,3,1,0,0,3,31,NEXT_SJF,0.155172,32.667
20,3,PSJF,30,8,19.667,21,22,59,4,1,1,0,0,inf,NEXT_SJF,0.185841,38.333
32,6,FCFS,21,2,13.5,13.5,19,81,4,1,0,12,12,20,NEXT_SJF,0.144737,43.273
42,9,CFS,43,1,19.778,18,42,178,1,0,0,0,4,8,NEXT_OTHER,0.046083,125.5
13,9,MLFQ,19,1,10.889,11,18,98,4,3,0,0,27,11,NEXT_SJF,0.168919,93.36
7,17,MLFQ,32,6,18.529,18,26,315,3,2,0,0,17,7,NEXT_RR,0.097674,165
64,4,CFS,38,8,22.75,22.5,30,91,3,1,0,0,0,8,NEXT_SJF,0.097561,24.75
48,2,FCFS,31,16,23.5,23.5,15,47,1,0,0,18,18,16,NONE,0.044156,179
0,17,FCFS,48,5,27.235,26,43,463,3,2,0,25,25,24,NEXT_SJF,0.099057,112.905
67,2,CFS,17,8,12.5,12.5,9,25,1,0,0,0,19,17,NEXT_OTHER,0.051282,49.5
12,16,CFS,43,2,22.125,21,41,354,1,0,0,0,4,19,NEXT_OTHER,0.047191,262.19
34,19,HRRN,45,1,22.579,23,44,429,1,0,0,4,4,1,NONE,0.049107,147.864
12,11,RR,29,3,14.273,13,26,157,2,1,0,1,17,6,NEXT_SJF,0.09417,130.571
0,16,CFS,28,2,13.188,9.5,26,211,3,2,0,0,21,24,NEXT_OTHER,0.101449,153.952
43,16,CFS,33,1,16.938,16,32,271,2,1,0,0,15,8,NEXT_FCFS,0.072519,179.474
12,17,CFS,44,1,21.118,20,43,359,1,0,0,0,4,17,NEXT_OTHER,0.047191,262.19
33,11,CFS,43,1,21.545,14,42,237,3,0,0,0,6,35,NEXT_FCFS,0.104762,70.273
65,2,CFS,29,6,17.5,17.5,23,35,2,1,0,2,2,6,NONE,0.064516,19.5
12,17,CFS,44,1,21.353,21,43,363,1,0,0,0,4,4,NEXT_FCFS,0.047191,259.143
38,6,MLFQ,24,6,15,15.5,18,90,4,1,0,0,24,6,NEXT_RR,0.184466,56.368
64,1,HRRN,6,6,6,6,0,6,1,0,0,32,32,6,NONE,0.043956,53.5
38,14,CFS,40,1,18.143,12,39,254,4,1,0,1,8,10,NEXT_RR,0.186275,57
0,18,CFS,34,5,18.222,12.5,29,328,1,0,0,0,14,12,NEXT_FCFS,0.034091,456.857
7,19,MLFQ,41,2,24.789,27,39,471,3,1,0,0,8,29,NEXT_FCFS,0.097674,164.476
12,17,CFS,44,1,21.529,21,43,366,1,0,0,0,3,24,NEXT_FCFS,0.047191,259.524
12,14,CFS,41,6,22.286,20,35,312,1,0,0,0,7,39,NEXT_FCFS,0.047191,256.429
83,21,CFS,43,1,21.667,23,42,455,1,0,0,0,4,14,NEXT_OTHER,0.039927,364.091
13,24,RR,43,1,21.75,24.5,42,522,4,1,0,3,3,43,NEXT_SJF,0.167785,93.36
12,12,RR,28,1,13.417,13.5,27,161,4,3,0,4,17,15,NEXT_SJF,0.177966,65.619
48,11,CFS,28,1,14.273,15,27,157,1,0,0,0,16,1,NEXT_RR,0.044156,246
12,2,PSJF,20,10,15,15,10,30,3,0,1,0,0,inf,NEXT_SJF,0.12963,55.762
8,9,RR,38,9,23.111,23,29,208,4,1,0,2,9,17,NEXT_FCFS,0.135802,57.182
2,16,MLFQ,36,3,17.188,17,33,275,2,0,0,0,9,9,NEXT_RR,0.082192,155.333
12,20,RR,48,1,21.2,22,47,424,3,1,0,7,7,1,NONE,0.138158,87.762
64,4,HRRN,38,8,20.25,17.5,30,81,1,0,0,10,10,21,NEXT_FCFS,0.043956,48.5
60,7,MLFQ,33,1,17.857,13,32,125,1,0,0,0,16,28,NEXT_SJF,0.032787,176.75
39,11,MLFQ,37,1,15.636,13,36,172,3,0,0,0,4,2,NEXT_SJF,0.161765,38.636
8,9,RR,40,10,22.667,22,30,204,1,0,0,6,6,40,NEXT_FCFS,0.036667,208.545
18,17,CFS,47,1,27.235,33,46,463,1,0,0,0,1,12,NEXT_OTHER,0.036217,331.389
76,3,CFS,14,1,8.333,10,13,25,2,0,0,0,31,10,NEXT_OTHER,0.064103,58
13,15,CFS,27,2,14,11,25,210,4,3,0,0,19,17,NEXT_FCFS,0.171233,90.96
67,3,FCFS,29,1,19,27,28,57,3,1,0,7,7,1,NONE,0.111111,21
1,7,CFS,40,13,24.286,21,27,170,3,0,0,0,7,21,NEXT_SJF,0.104651,55.111
74,5,CFS,13,3,8,7,10,40,2,1,0,0,33,7,NEXT_OTHER,0.057971,114.625
72,3,CFS,14,6,10,10,8,30,1,0,0,0,1,6,NEXT_OTHER,0.088235,27.333
38,13,CFS,37,1,15.846,9,36,206,1,0,0,0,11,7,NEXT_OTHER,0.048718,229.632
83,18,CFS,40,2,21.667,20,38,390,1,0,0,0,7,22,NEXT_OTHER,0.039927,364.091
1,7,MLFQ,35,9,20,16,26,140,2,0,0,0,11,9,NEXT_RR,0.076271,82.667
12,10,CFS,26,1,12.5,12,25,125,4,3,0,1,22,19,NEXT_RR,0.179487,66.143
68,3,CFS,26,1,9.667,2,25,29,1,0,0,0,13,2,NEXT_OTHER,0.069444,34
13,1,SRT,42,42,42,42,0,42,1,0,0,5,5,42,NONE,0.042955,197.48
12,18,FCFS,48,2,22.833,23,46,411,2,0,0,2,2,23,NEXT_SJF,0.09375,115.905
0,19,MLFQ,36,1,18.947,14,35,360,4,2,0,0,12,14,NEXT_RR,0.134615,115.381
43,7,PSJF,48,5,31.429,42,43,220,3,0,0,33,33,5,NONE,0.096939,75.579
13,7,MLFQ,16,6,11.143,11,10,78,4,3,0,0,30,6,NEXT_RR,0.168919,93.4
72,2,CFS,8,4,6,6,4,12,1,0,0,0,7,4,NEXT_OTHER,0.088235,27.333
6,5,CFS,18,1,9.2,12,17,46,3,1,0,0,29,1,NEXT_OTHER,0.097561,58.125
37,1,HRRN,15,15,15,15,0,15,1,0,0,34,34,15,NONE,0.03271,183.714
38,3,CFS,11,4,7.333,7,7,22,2,0,0,0,37,11,NEXT_OTHER,0.096939,115.632
68,5,HRRN,38,1,14,15,37,70,1,0,0,2,2,38,NEXT_FCFS,0.069444,26.4
27,5,PSJF,49,2,26.4,31,47,132,4,0,0,17,17,6,NONE,0.114286,31.75
13,14,CFS,23,1,10.571,9,22,148,2,0,0,0,23,2,NEXT_OTHER,0.085616,183.16
0,21,RR,48,3,27.619,24,45,580,3,2,0,0,0,20,NEXT_SJF,0.100962,155.048
36,17,CFS,37,8,22.882,21,29,389,4,3,0,1,10,16,NEXT_RR,0.124138,111
67,2,CFS,19,11,15,15,8,30,4,1,1,0,0,inf,NEXT_SJF,0.111111,19.5
23,3,CFS,12,6,10,12,6,30,2,0,0,0,27,12,NEXT_OTHER,0.107143,49.222
9,23,MLFQ,47,1,17.348,13,46,399,4,2,0,0,1,11,NEXT_FCFS,0.217391,59.64
0,19,FCFS,49,5,29.579,26,44,562,1,0,0,10,10,16,NONE,0.034091,316.381
39,5,CFS,20,2,12.8,17,18,64,3,1,0,0,18,2,NEXT_OTHER,0.15942,39.364
2,17,CFS,40,2,19.882,21,38,338,1,0,0,0,5,7,NEXT_FCFS,0.04119,305.833
9,7,MLFQ,27,4,15.857,15,23,111,4,2,0,0,21,7,NEXT_FCFS,0.217391,59.84
2,12,CFS,28,1,13.833,10.5,27,166,1,0,0,0,16,28,NEXT_OTHER,0.04119,310.611
63,8,CFS,38,10,23.625,23,28,189,3,2,0,1,4,34,NEXT_FCFS,0.113924,53.444
22,10,FCFS,47,2,24.3,22.5,45,243,4,2,0,11,11,38,NEXT_RR,0.134454,66.188
39,2,FCFS,9,3,6,6,6,12,3,1,0,11,11,9,NONE,0.148649,42.545
8,8,CFS,27,1,11.625,9.5,26,93,3,1,0,0,21,10,NEXT_OTHER,0.105769,74.364
42,8,CFS,43,2,20.375,19.5,41,163,1,0,0,0,5,43,NEXT_FCFS,0.046083,122
37,12,CFS,30,1,15.25,15.5,29,183,1,0,0,0,18,1,NEXT_OTHER,0.03271,329.357
2,16,MLFQ,34,1,15.688,15,33,251,1,0,0,0,10,2,NEXT_RR,0.04119,310.111
0,21,MLFQ,45,2,25.524,23,43,536,4,1,0,0,3,38,NEXT_RR,0.134615,115.381
0,21,CFS,46,3,26.619,23,43,559,3,1,0,0,2,31,NEXT_RR,0.101449,150.143
0,21,CFS,48,4,28.619,26,44,601,3,1,0,0,0,23,NEXT_RR,0.101449,149.571
33,1,SRT,2,2,2,2,0,2,4,3,1,0,0,inf,NEXT_SJF,0.107843,42.727
67,2,CFS,19,12,15.5,15.5,7,31,1,0,0,0,16,12,NEXT_OTHER,0.051282,49.5
2,17,CFS,38,1,18.353,19,37,312,1,0,0,0,7,8,NEXT_OTHER,0.04119,310.611
38,5,PSJF,48,4,28.2,32,44,141,3,2,0,33,33,4,NONE,0.132867,49.947
37,12,CFS,32,2,17,17,30,204,4,2,0,1,17,7,NEXT_FCFS,0.125,81.786
65,2,MLFQ,26,4,15,15,22,30,1,0,0,0,4,4,NEXT_RR,0.051282,27.5
0,9,CFS,22,2,15.111,16,20,136,3,1,0,0,26,15,NEXT_FCFS,0.100962,152.952
18,14,CFS,38,2,22.929,25.5,36,321,2,0,0,1,11,34,NEXT_FCFS,0.072,164.667
65,2,CFS,28,6,17,17,22,34,1,0,0,0,2,6,NEXT_OTHER,0.051282,27
6,6,RR,32,3,18.167,19,29,109,2,1,0,0,17,25,NEXT_SJF,0.066116,87
32,5,CFS,23,7,13.2,9,16,66,3,0,0,0,24,23,NEXT_OTHER,0.119565,57.818
39,6,CFS,32,10,21.667,22.5,22,130,3,0,0,0,7,32,NEXT_OTHER,0.15942,39.364
2,12,CFS,30,2,14.917,12,28,179,1,0,0,0,15,30,NEXT_RR,0.04119,307
1,7,MLFQ,33,7,18,14,26,126,2,0,0,0,13,7,NEXT_RR,0.076271,82.667
0,21,CFS,47,4,27.905,25,43,586,3,1,0,0,1,23,NEXT_RR,0.101449,149.143
43,7,MLFQ,11,2,6.143,5,9,43,3,0,0,0,36,6,NEXT_SJF,0.107345,122.316
23,8,RR,38,2,17.375,11.5,36,139,1,0,0,0,2,38,NEXT_FCFS,0.053571,95.778
12,12,CFS,30,1,13.917,11.5,29,167,1,0,0,0,18,7,NEXT_FCFS,0.047191,259.81
60,8,RR,49,3,30.5,30,46,244,2,0,0,0,0,31,NEXT_FCFS,0.064516,87.875
62,4,RR,41,12,26.5,26.5,29,106,2,1,0,3,7,41,NEXT_FCFS,0.054795,55.25
2,17,CFS,41,3,20.765,21,38,353,1,0,0,0,4,22,NEXT_FCFS,0.04119,306.444
12,12,CFS,32,3,16.25,14.5,29,195,1,0,0,0,15,17,NEXT_RR,0.047191,257.143
2,10,CFS,25,4,13.4,12.5,21,134,1,0,0,0,19,8,NEXT_RR,0.04119,310.556
0,9,MLFQ,22,1,14.667,16,21,132,4,3,0,0,27,22,NEXT_RR,0.134615,115.381
32,10,CFS,36,1,15.3,15,35,153,3,2,0,0,10,4,NEXT_OTHER,0.119565,57.818
12,12,CFS,31,2,15,12.5,29,180,1,0,0,0,17,23,NEXT_RR,0.047191,261
0,21,HRRN,49,5,28.476,26,44,598,3,1,0,6,6,14,NONE,0.09375,95.333
12,21,CFS,47,1,19.667,19,46,413,1,0,0,0,1,35,NEXT_OTHER,0.047191,262.19
10,1,HRRN,9,9,9,9,0,9,3,2,1,0,0,inf,NEXT_SJF,0.11215,93.833
0,9,SRT,49,9,37.333,43,40,336,4,3,0,0,0,43,NEXT_SJF,0.122807,73.714
76,3,CFS,29,16,23,24,13,69,2,1,0,0,17,24,NEXT_OTHER,0.064103,58
44,10,CFS,49,7,32.6,39.5,42,326,4,2,0,0,0,25,NEXT_FCFS,0.114943,61.6
16,5,CFS,30,1,15,10,29,75,1,0,0,0,20,7,NEXT_OTHER,0.039301,153.556
0,21,CFS,48,5,29.048,26,43,610,3,1,0,0,0,24,NEXT_RR,0.101449,149.048
27,7,RR,45,1,25.143,19,44,176,4,0,0,0,4,17,NEXT_SJF,0.131148,35.125
0,15,FCFS,48,5,25.867,26,43,388,3,2,0,1,1,6,NONE,0.09633,114.571
38,10,CFS,32,1,15.6,18,31,156,1,0,0,0,15,22,NEXT_OTHER,0.048718,229.632
64,3,CFS,28,5,18.333,22,23,55,2,1,0,0,9,22,NEXT_OTHER,0.081633,32.75
36,2,PSJF,18,11,14.5,14.5,7,29,3,0,1,0,0,inf,NEXT_SJF,0.09,93.167
0,21,SRT,49,2,29.19,26,47,613,1,0,0,3,3,2,NONE,0.034091,247.952
18,16,MLFQ,44,1,25.188,30.5,43,403,2,1,0,0,5,10,NEXT_SJF,0.072,165.778
44,6,RR,20,9,13.333,12.5,11,80,2,0,0,2,31,9,NONE,0.060606,127.4
32,10,CFS,37,1,16.1,16,36,161,2,1,0,1,10,24,NEXT_FCFS,0.083333,85.091
63,8,CFS,38,10,23.625,23,28,189,3,0,0,0,3,23,NEXT_RR,0.115385,52.333
27,6,CFS,38,8,23,23.5,30,138,2,0,0,0,10,11,NEXT_FCFS,0.076923,64.125
8,11,CFS,43,2,22.364,21,41,246,3,0,0,0,4,42,NEXT_SJF,0.105769,70.545
32,5,RR,16,2,8.2,5,14,41,4,1,0,5,31,16,NONE,0.152778,44.273
42,1,SRT,7,7,7,7,0,7,3,0,0,41,41,7,NONE,0.111111,33.4
0,16,CFS,29,4,14.5,10.5,25,232,3,1,0,0,19,7,NEXT_RR,0.101449,153.429
32,10,CFS,44,8,22.6,22,36,226,1,0,0,0,3,44,NEXT_FCFS,0.042146,167.182
42,10,CFS,47,1,20.4,15.5,46,204,1,0,0,0,1,10,NEXT_OTHER,0.046083,125.5
63,1,FCFS,3,3,3,3,0,3,4,2,1,0,0,inf,NEXT_SJF,0.142857,39.778
0,8,HRRN,49,13,39.5,44,36,316,3,2,0,0,0,43,NEXT_SJF,0.09375,95.333
12,11,CFS,29,1,13.727,13,28,151,1,0,0,0,19,17,NEXT_RR,0.047191,258.81
23,9,MLFQ,39,1,16.889,8,38,152,4,2,0,0,3,1,NEXT_RR,0.18,24.889
12,10,CFS,25,1,11.8,11.5,24,118,1,0,0,0,22,1,NEXT_OTHER,0.047191,262.19
0,8,FCFS,48,2,22.625,22,46,181,3,2,0,22,22,21,NEXT_SJF,0.09633,114.524
16,8,MLFQ,44,1,20.125,16,43,161,4,3,0,0,9,1,NEXT_RR,0.130435,40
34,17,CFS,40,1,19.706,24,39,335,1,0,0,0,5,12,NEXT_FCFS,0.049107,269.318
32,5,MLFQ,23,8,14.2,11,15,71,2,0,0,0,23,11,NEXT_RR,0.083333,84.909
0,20,CFS,43,1,24.2,20,42,484,3,0,0,0,6,8,NEXT_RR,0.101449,148.857
40,15,CFS,36,1,18.133,21,35,272,1,0,0,0,13,7,NEXT_RR,0.040541,333.476
12,12,PSJF,48,2,29.75,29.5,46,357,2,0,0,11,11,10,NONE,0.090909,77.81
44,5,CFS,9,1,3.6,3,8,18,1,0,0,0,39,1,NEXT_OTHER,0.030675,253.1
12,11,CFS,29,1,13.818,13,28,152,1,0,0,0,19,8,NEXT_RR,0.047191,259.571
62,2,CFS,6,2,4,4,4,8,1,0,0,0,41,2,NEXT_OTHER,0.029412,109
39,9,CFS,34,1,16.444,15,33,148,3,2,0,0,5,13,NEXT_FCFS,0.15942,38.182
0,7,CFS,12,3,7.429,7,9,52,3,0,0,0,37,8,NEXT_SJF,0.101449,153.524
9,16,CFS,38,1,14.312,8,37,229,3,1,0,1,11,8,NEXT_RR,0.168919,77.84
0,5,SRT,49,12,39.8,45,37,199,1,0,0,31,31,12,NONE,0.034091,247.952
0,15,FCFS,48,5,25.867,26,43,388,3,0,0,38,38,5,NONE,0.09633,114.571
0,19,CFS,38,3,21.263,16,35,404,1,0,0,0,10,31,NEXT_FCFS,0.034091,447.381
20,19,CFS,43,4,18.053,15,39,343,2,0,0,0,1,20,NEXT_RR,0.110526,109.905
0,19,MLFQ,37,2,19.579,15,35,372,4,2,0,0,11,37,NEXT_RR,0.134615,115.381
16,8,CFS,42,1,19.25,16,41,154,1,0,0,0,8,40,NEXT_FCFS,0.039301,149.333
42,9,CFS,47,4,22.333,21,43,201,1,0,0,0,1,28,NEXT_RR,0.046083,121.4
42,9,CFS,44,1,20.111,18,43,181,4,0,0,0,3,5,NEXT_FCFS,0.15625,33.4
76,4,CFS,29,1,17.75,20.5,28,71,2,1,0,0,16,1,NEXT_OTHER,0.064103,58
8,1,SRT,6,6,6,6,0,6,3,0,1,0,0,inf,NEXT_SJF,0.098214,51.455
9,7,SRT,49,15,36.429,36,34,255,1,0,0,10,10,15,NONE,0.056948,129.36
63,9,MLFQ,38,1,21.333,21,37,192,2,0,0,0,2,31,NEXT_RR,0.079646,80.556
34,12,HRRN,45,8,30.833,32,37,370,1,0,0,8,8,8,NONE,0.049107,147.864
64,3,CFS,25,1,15,19,24,45,2,0,0,0,12,19,NEXT_OTHER,0.081633,32.75
32,1,FCFS,5,5,5,5,0,5,4,0,0,9,9,5,NONE,0.152778,43.455
48,15,MLFQ,39,1,19.8,19,38,297,2,0,0,0,5,39,NEXT_SJF,0.088083,125.059
0,20,RR,41,1,22.85,19.5,40,457,3,1,0,0,6,1,NEXT_FCFS,0.100962,155.857
18,12,SRT,49,7,35.417,39,42,425,3,2,0,3,3,28,NONE,0.098901,70.389
42,10,CFS,48,1,21.1,16.5,47,211,1,0,0,0,0,5,NEXT_RR,0.046083,122.1
41,1,CFS,31,31,31,31,0,31,1,0,0,12,12,31,NONE,0.023256,43
18,11,CFS,28,2,18.091,20,26,199,2,1,0,1,21,24,NEXT_RR,0.072,161.5
0,18,FCFS,49,5,29.889,27,44,538,1,0,0,8,8,37,NEXT_SJF,0.034091,301.143
34,2,CFS,2,2,2,2,0,4,1,0,0,0,42,2,NEXT_OTHER,0.049107,270.773
12,14,CFS,36,2,17.214,14.5,34,241,1,0,0,0,12,9,NEXT_OTHER,0.047191,262.19
12,20,CFS,46,1,19.85,19.5,45,397,4,0,0,0,2,2,NEXT_RR,0.181034,65.714
16,9,MLFQ,48,2,21.444,16,46,193,4,1,0,0,5,5,NEXT_RR,0.130435,40
2,17,CFS,40,2,20.059,21,38,341,3,0,0,0,5,19,NEXT_FCFS,0.121622,100.667
0,19,CFS,37,2,20.368,15,35,387,1,0,0,0,11,13,NEXT_FCFS,0.034091,455.286
0,10,HRRN,49,8,37.3,43,41,373,3,2,0,9,9,19,NONE,0.09375,95.333
12,21,CFS,47,1,20.095,20,46,422,1,0,0,0,1,7,NEXT_FCFS,0.047191,261.619
0,21,MLFQ,44,1,24.571,22,43,516,4,0,0,0,4,3,NEXT_FCFS,0.134615,115.143
2,5,MLFQ,11,3,6.6,4,8,33,2,0,0,0,33,11,NEXT_SJF,0.082192,155.222
0,18,CFS,31,1,14.5,9,30,261,1,0,0,0,18,31,NEXT_OTHER,0.034091,460.571
41,1,FCFS,0,0,0,0,0,0,1,-1,1,0,0,0,NEXT_SJF,0.023256,43
62,2,CFS,17,12,14.5,14.5,5,29,1,0,0,1,31,17,NONE,0.029412,109
9,16,CFS,39,2,15.312,9,37,245,2,0,0,0,9,5,NEXT_RR,0.113636,115.24
8,11,CFS,47,7,26.727,25,40,294,3,1,0,0,0,22,NEXT_RR,0.105769,70.545
16,1,FCFS,16,16,16,16,0,16,4,3,1,0,0,inf,NEXT_SJF,0.105882,36
43,16,CFS,35,4,19.188,18,31,307,4,0,0,0,12,5,NEXT_OTHER,0.141791,91.474
38,18,CFS,47,1,20.222,16.5,46,364,2,1,0,0,1,1,NEXT_FCFS,0.096447,113.842
18,5,SRT,49,32,43.2,45,17,216,1,0,0,10,10,32,NONE,0.036217,181.889
84,17,CFS,36,1,18.059,15,35,307,3,1,0,0,13,27,NEXT_OTHER,0.116402,128
12,11,HRRN,48,2,27.364,27,46,301,4,3,0,36,36,4,NONE,0.160305,47.333
0,4,PSJF,49,4,25.75,25,45,103,3,1,0,18,18,30,NONE,0.09375,92.952
0,12,SRT,49,15,36.833,42,34,442,1,0,0,11,11,15,NONE,0.034091,247.952
60,4,FCFS,49,5,27,27,44,108,2,1,0,12,12,5,NONE,0.065574,67.875
38,17,FCFS,48,1,20.824,18,47,354,2,0,0,12,12,3,NONE,0.095,95.211
39,5,CFS,22,2,14,19,20,70,3,0,0,0,17,22,NEXT_OTHER,0.15942,39.364
0,18,MLFQ,35,4,18.667,13.5,31,336,4,0,0,0,13,30,NEXT_RR,0.134615,115.381
0,14,PSJF,49,1,33.286,37,48,466,3,0,0,1,1,25,NONE,0.09375,92.952
33,5,MLFQ,15,3,10.4,13,12,52,1,0,0,0,34,14,NEXT_RR,0.035256,211.182
2,9,RR,24,4,11.556,11,20,104,3,1,0,1,23,15,NEXT_SJF,0.12,100.5
0,19,CFS,36,1,18.789,13,35,357,1,0,0,1,13,7,NEXT_FCFS,0.034091,449.476
0,8,CFS,19,4,14,14.5,15,112,1,0,0,0,29,14,NEXT_FCFS,0.034091,456.19
12,20,RR,48,1,20.25,19.5,47,405,2,1,0,6,6,40,NEXT_SJF,0.09375,128.095
13,25,CFS,46,1,22.96,25,45,574,4,1,0,0,0,36,NEXT_RR,0.170068,90.04
39,11,CFS,38,2,17.545,17,36,193,3,0,0,0,0,20,NEXT_RR,0.15942,38.818
34,22,CFS,45,4,20.091,16,41,442,2,1,0,0,0,29,NEXT_RR,0.097778,133.864
2,3,MLFQ,8,1,5.333,7,7,16,1,0,0,0,37,1,NEXT_SJF,0.04119,310.111
36,18,CFS,47,8,31.389,30.5,39,565,4,2,0,0,0,39,NEXT_FCFS,0.124138,111.556
2,18,MLFQ,43,3,21.833,22.5,40,393,2,0,0,0,2,3,NEXT_FCFS,0.082192,154.833
0,4,PSJF,49,17,35.5,38,32,142,3,0,0,12,12,33,NONE,0.09375,92.952
10,14,CFS,27,7,14.643,12,20,205,1,0,0,0,20,14,NEXT_FCFS,0.039152,419
1,8,RR,41,2,19.375,14,39,155,1,0,0,2,8,27,NEXT_FCFS,0.038136,164
0,21,CFS,47,4,27.619,24,43,580,3,1,0,0,1,32,NEXT_RR,0.101449,150.524
12,12,CFS,29,1,13.417,11,28,161,1,0,0,0,18,5,NEXT_OTHER,0.047191,262.19
0,6,PSJF,49,6,32.667,40,43,196,3,2,0,10,10,35,NONE,0.09375,92.952
0,7,CFS,16,8,11.857,12,8,83,1,0,0,1,33,10,NEXT_FCFS,0.034091,456.333
66,6,MLFQ,24,1,11.667,11,23,70,1,0,0,0,20,3,NEXT_RR,0.039216,137.5
22,10,PSJF,49,13,34.3,37,36,343,3,0,0,16,16,13,NONE,0.095238,65.688
2,18,CFS,44,4,22.944,24,40,413,3,0,0,0,1,23,NEXT_FCFS,0.121622,100.889
66,1,HRRN,1,1,1,1,0,1,4,0,1,0,0,inf,NEXT_SJF,0.106667,34
2,14,CFS,31,1,14.643,13,30,205,1,0,0,0,13,14,NEXT_OTHER,0.04119,310.611
2,2,CFS,8,6,7,7,2,14,1,0,0,0,37,8,NEXT_SJF,0.04119,310.333
12,11,CFS,28,1,12.909,12,27,142,1,0,0,0,20,1,NEXT_OTHER,0.047191,262.19
2,5,CFS,8,1,4.2,2,7,21,1,0,0,0,36,1,NEXT_OTHER,0.04119,310.611
12,2,RR,7,1,4,4,6,8,4,0,1,0,0,inf,NEXT_SJF,0.177966,65.857
39,8,CFS,32,1,17.375,16,31,139,3,0,0,1,6,32,NEXT_RR,0.15493,39
48,11,MLFQ,28,1,14.273,15,27,157,2,0,0,0,16,1,NEXT_FCFS,0.088083,125.471
42,4,CFS,21,2,12.5,13.5,19,50,1,0,0,0,26,7,NEXT_FCFS,0.046083,123.9
10,20,CFS,35,2,16.85,17,33,337,1,0,0,0,12,17,NEXT_RR,0.039152,420.25
8,2,CFS,9,6,7.5,7.5,3,15,1,0,0,0,39,9,NEXT_OTHER,0.036667,218.727
17,11,CFS,25,1,14,16,24,154,4,0,0,1,25,16,NEXT_RR,0.155039,76.25
66,6,RR,32,7,19,17,25,114,3,2,0,1,12,11,NEXT_FCFS,0.111111,46.5
2,18,CFS,42,2,21.111,22,40,380,3,0,0,0,3,12,NEXT_RR,0.121622,100.722
12,15,MLFQ,41,1,21.467,20,40,322,3,0,0,0,6,13,NEXT_RR,0.139073,88.19
60,7,CFS,33,1,19,16,32,133,3,1,0,0,15,12,NEXT_OTHER,0.095238,59.75
64,4,MLFQ,38,6,21.75,21.5,32,87,2,1,0,0,0,14,NEXT_RR,0.076923,33.5
73,9,CFS,16,1,7,6,15,63,3,1,0,0,33,15,NEXT_OTHER,0.111732,118.85
0,20,CFS,43,1,24.95,21,42,499,3,1,0,0,5,36,NEXT_SJF,0.101449,151
2,13,CFS,30,1,14.923,13,29,194,3,1,0,0,14,12,NEXT_RR,0.121622,102.167
0,17,FCFS,48,5,25.647,26,43,436,3,0,0,22,22,21,NEXT_SJF,0.100962,114.095
0,7,CFS,17,9,12.571,13,8,88,3,0,0,0,32,13,NEXT_SJF,0.101449,152.857
57,8,CFS,48,4,29.75,36.5,44,238,4,2,0,1,2,48,NEXT_FCFS,0.115942,48
0,14,MLFQ,26,1,12.857,14,25,180,4,2,0,0,22,26,NEXT_RR,0.134615,115.381
0,8,SRT,49,6,35.5,42,43,284,4,0,0,4,4,39,NONE,0.122807,73.714
67,2,CFS,27,18,22.5,22.5,9,45,1,0,0,0,9,27,NEXT_OTHER,0.051282,49.5
71,24,CFS,47,1,27.417,31,46,658,1,0,0,0,1,29,NEXT_OTHER,0.03592,457.76
0,5,SRT,49,28,43,45,21,215,1,0,0,15,15,28,NONE,0.034091,247.952
12,18,FCFS,48,2,21.389,21.5,46,385,2,0,0,15,15,10,NONE,0.090517,119.762
76,3,CFS,20,7,14.333,16,13,43,2,0,0,0,25,16,NEXT_OTHER,0.064103,58
0,6,FCFS,48,6,22.667,23,42,136,3,1,0,0,0,26,NEXT_SJF,0.092105,114.286
0,19,CFS,39,4,21.684,16,35,412,3,0,0,1,10,16,NEXT_RR,0.101449,149.238
80,15,CFS,46,2,21.733,23,44,326,1,0,0,0,4,12,NEXT_OTHER,0.046036,246.167
13,7,CFS,17,6,12,14,11,84,2,1,0,1,30,6,NEXT_FCFS,0.085911,181.96
0,18,MLFQ,35,3,18.222,13,32,328,4,1,0,0,16,29,NEXT_SJF,0.134615,115.143
0,21,CFS,47,3,27.333,24,44,574,1,0,0,1,2,46,NEXT_SJF,0.034091,459.714
9,1,PSJF,7,7,7,7,0,7,2,1,1,0,0,inf,NEXT_SJF,0.106838,69.36
38,13,MLFQ,38,1,17.077,10,37,222,3,2,0,0,10,20,NEXT_SJF,0.142857,75.316
0,8,CFS,16,1,11,11.5,15,88,1,0,0,0,32,11,NEXT_RR,0.034091,457.762
38,17,RR,48,1,20.824,18,47,354,4,2,0,0,0,30,NEXT_FCFS,0.184466,55.526
12,12,CFS,29,1,13.417,11,28,161,1,0,0,0,18,5,NEXT_OTHER,0.047191,262.19
40,15,CFS,36,1,18,21,35,270,1,0,0,0,13,23,NEXT_OTHER,0.040541,339.143
17,6,RR,13,3,7.667,8,10,46,4,2,0,3,41,6,NEXT_SJF,0.153846,79.8
13,15,HRRN,46,3,27.067,26,43,406,4,0,0,8,8,7,NONE,0.151515,69.04
34,22,CFS,44,4,19.455,16,40,428,1,0,0,0,0,16,NEXT_RR,0.049107,263.273
57,7,MLFQ,34,3,19.143,17,31,134,4,3,0,10,13,27,NEXT_SJF,0.109589,51.625
83,21,CFS,44,1,22.19,23,43,466,1,0,0,0,3,6,NEXT_OTHER,0.039927,364.091
37,11,RR,29,2,15.273,14,27,168,4,2,0,4,20,29,NEXT_SJF,0.122807,80.571
57,6,CFS,33,4,21.833,24.5,29,131,1,0,0,0,16,24,NEXT_FCFS,0.031496,185
57,4,CFS,11,2,5.25,4,9,21,1,0,0,0,38,4,NEXT_OTHER,0.031496,188.25
12,15,CFS,42,1,21.867,20,41,328,1,0,0,0,6,19,NEXT_FCFS,0.047191,261
13,19,CFS,35,1,18,17,34,342,2,1,0,0,11,4,NEXT_OTHER,0.085616,183.16
2,18,PSJF,45,2,23.611,25,43,425,4,1,0,3,3,5,NONE,0.136364,52.444
0,18,CFS,35,5,18.389,13,30,331,3,1,0,0,14,29,NEXT_RR,0.101449,150.048
65,1,CFS,20,20,20,20,0,20,2,0,0,11,11,20,NONE,0.064516,19.5
0,20,CFS,44,2,25.55,21,42,511,3,1,0,1,5,43,NEXT_FCFS,0.100962,151.667
65,2,CFS,30,6,18,18,24,36,1,0,0,0,1,30,NEXT_OTHER,0.051282,27
0,21,CFS,48,4,28.333,25,44,595,3,2,0,1,1,19,NEXT_FCFS,0.101449,149.476
39,7,RR,32,2,19,16,30,133,3,1,0,6,6,14,NEXT_SJF,0.157143,38.091
34,17,RR,45,3,19.647,19,42,334,2,0,0,0,0,8,NEXT_SJF,0.097345,132.409
16,9,CFS,44,1,19.778,16,43,178,1,0,0,0,5,22,NEXT_OTHER,0.039301,153.556
39,10,FCFS,39,1,17.8,15,38,178,4,0,0,6,6,1,NONE,0.196429,32.818
57,5,MLFQ,19,7,10.4,8,12,52,2,1,0,0,30,7,NEXT_RR,0.060606,97
38,9,RR,32,2,14.444,15,30,130,4,2,0,0,16,4,NEXT_FCFS,0.182692,56.526
0,1,PSJF,7,7,7,7,0,7,3,0,1,0,0,inf,NEXT_SJF,0.09375,92.952
0,8,CFS,21,6,15.75,16,15,126,1,0,0,0,27,6,NEXT_FCFS,0.034091,454.19
67,2,CFS,21,14,17.5,17.5,7,35,1,0,0,0,14,14,NEXT_OTHER,0.051282,49.5
33,8,CFS,34,1,19.25,23,33,154,2,1,0,0,15,1,NEXT_OTHER,0.070064,107.273
0,9,MLFQ,23,2,15.556,17,21,140,4,3,0,0,26,17,NEXT_SJF,0.134615,115.381
32,10,CFS,40,5,19.2,19,35,192,3,0,0,0,6,5,NEXT_FCFS,0.11828,56.727
9,21,RR,48,1,15.762,10,47,331,4,3,0,7,7,9,NEXT_SJF,0.215517,60.92
27,4,CFS,28,1,19,23.5,27,76,2,0,0,0,21,24,NEXT_OTHER,0.075472,65.375
2,2,SRT,19,5,12,12,14,24,3,1,0,39,39,5,NONE,0.111111,65.278
34,22,CFS,41,1,16.455,13,40,362,1,0,0,0,3,8,NEXT_OTHER,0.049107,270.773
0,18,MLFQ,35,4,18.667,13.5,31,336,4,2,0,0,13,13,NEXT_RR,0.134615,115.381
0,19,MLFQ,36,1,18.526,14,35,352,4,3,0,0,15,9,NEXT_SJF,0.134615,115.381
0,9,CFS,23,2,15.444,17,21,139,3,0,0,0,26,19,NEXT_FCFS,0.101449,153.238
0,21,CFS,46,3,26.905,24,43,565,3,2,0,0,2,5,NEXT_RR,0.101449,150.619
0,19,CFS,41,6,24.211,19,35,460,3,1,0,0,7,34,NEXT_FCFS,0.101449,152.762
38,6,RR,26,7,17.667,17.5,19,106,2,0,0,0,21,24,NEXT_RR,0.096939,114
60,6,MLFQ,28,3,15.333,15.5,25,92,2,0,0,0,24,7,NEXT_RR,0.064516,88.875
63,9,PSJF,41,2,24.222,26,39,218,4,0,0,1,1,2,NONE,0.128571,34.222
48,2,CFS,4,2,3,3,2,6,1,0,0,0,40,4,NEXT_OTHER,0.044156,251.294
0,19,CFS,37,2,19.526,14,35,371,1,0,0,0,12,2,NEXT_FCFS,0.034091,457.095